date,open,high,low,close,volume,is_anomaly,ticker
2021-04-26,34.05,34.5,34.01,34.5,5500,False,AHCL
2021-04-27,34.0,34.5,34.0,34.5,5000,False,AHCL
2021-04-28,34.5,36.9,34.5,36.32,22500,False,AHCL
2021-04-29,35.35,35.5,35.0,35.5,30500,False,AHCL
2021-04-30,35.1,35.5,35.0,35.48,45500,False,AHCL
2021-05-03,35.02,35.5,35.0,35.36,102000,False,AHCL
2021-05-04,35.5,36.01,35.5,36.01,235500,False,AHCL
2021-05-05,36.0,36.25,36.0,36.15,64000,False,AHCL
2021-05-06,35.28,37.0,35.2,37.0,9000,False,AHCL
2021-05-17,36.99,37.0,36.98,37.0,5000,False,AHCL
2021-05-18,36.26,37.0,35.5,35.52,3615000,False,AHCL
2021-05-19,36.02,36.85,35.6,36.5,3742000,False,AHCL
2021-05-20,36.45,37.75,36.1,37.37,245000,False,AHCL
2021-05-21,37.63,38.25,36.81,37.79,44000,False,AHCL
2021-05-24,37.26,38.25,36.02,37.98,79000,False,AHCL
2021-05-25,36.52,38.25,36.52,37.36,135000,False,AHCL
2021-05-26,37.02,37.5,37.0,37.31,29000,False,AHCL
2021-05-27,37.0,38.45,37.0,38.0,57000,False,AHCL
2021-05-28,38.97,38.97,37.55,37.55,3000,False,AHCL
2021-05-31,38.7,39.0,38.5,38.62,72000,False,AHCL
2021-06-01,39.5,39.5,38.21,39.0,243000,False,AHCL
2021-06-02,37.9,39.0,37.9,39.0,158500,False,AHCL
2021-06-03,39.0,39.88,38.1,39.51,382500,False,AHCL
2021-06-04,39.0,40.0,38.5,39.13,809000,False,AHCL
2021-06-07,39.0,39.6,38.5,38.85,880000,False,AHCL
2021-06-08,38.54,39.0,38.01,38.12,326500,False,AHCL
2021-06-09,38.25,39.5,38.12,38.14,39500,False,AHCL
2021-06-10,38.79,38.79,38.28,38.28,111000,False,AHCL
2021-06-11,38.5,38.75,38.5,38.73,96500,False,AHCL
2021-06-14,38.8,39.36,37.5,37.75,2135000,False,AHCL
2021-06-15,38.0,38.39,37.16,37.59,44500,False,AHCL
2021-06-16,37.98,38.99,37.15,38.29,92000,False,AHCL
2021-06-17,37.78,37.78,37.73,37.76,12500,False,AHCL
2021-06-18,37.76,38.5,37.74,38.1,31000,False,AHCL
2021-06-21,38.11,38.11,37.16,38.0,12000,False,AHCL
2021-06-22,37.95,37.97,37.95,37.95,64500,False,AHCL
2021-06-23,37.7,38.48,37.7,38.08,110500,False,AHCL
2021-06-24,38.5,38.79,38.25,38.25,104000,False,AHCL
2021-06-25,37.65,38.5,37.61,38.0,5000,False,AHCL
2021-06-28,37.03,37.5,37.03,37.22,40000,False,AHCL
2021-06-29,37.16,37.85,37.0,37.85,122000,False,AHCL
2021-06-30,37.99,40.68,37.0,40.03,539000,False,AHCL
2021-07-01,39.01,39.3,38.5,39.0,70000,False,AHCL
2021-07-02,38.5,38.5,38.5,38.5,3000,False,AHCL
2021-07-05,38.11,38.5,37.5,37.9,34500,False,AHCL
2021-07-06,37.75,38.0,37.7,37.85,8000,False,AHCL
2021-07-07,38.0,38.0,37.85,37.85,1500,False,AHCL
2021-07-08,37.6,38.0,37.55,38.0,2000,False,AHCL
2021-07-09,37.51,37.77,37.5,37.7,4000,False,AHCL
2021-07-12,38.19,38.2,38.19,38.2,2000,False,AHCL
2021-07-13,38.49,38.49,37.75,38.0,14500,False,AHCL
2021-07-14,38.45,38.5,38.0,38.0,7500,False,AHCL
2021-07-15,38.3,38.4,38.09,38.09,2500,False,AHCL
2021-07-16,38.3,38.3,38.0,38.01,12500,False,AHCL
2021-07-19,38.05,38.19,38.0,38.0,2500,False,AHCL
2021-07-23,38.01,38.01,38.0,38.0,1000,False,AHCL
2021-07-26,38.0,39.0,38.0,38.32,29000,False,AHCL
2021-07-27,38.75,38.75,38.01,38.19,33000,False,AHCL
2021-07-28,38.52,39.0,38.05,38.05,25000,False,AHCL
2021-07-29,38.09,38.09,38.05,38.09,2000,False,AHCL
2021-07-30,38.06,38.11,37.5,37.9,7000,False,AHCL
2021-08-02,38.11,39.5,38.11,39.0,189000,False,AHCL
2021-08-03,39.5,39.97,39.05,39.05,11000,False,AHCL
2021-08-04,39.18,39.75,38.11,38.25,1232000,False,AHCL
2021-08-05,39.0,39.0,37.65,37.7,563000,False,AHCL
2021-08-06,38.0,38.49,37.9,37.9,4500,False,AHCL
2021-08-09,38.82,38.82,37.77,37.84,7500,False,AHCL
2021-08-10,37.45,37.79,37.0,37.79,31500,False,AHCL
2021-08-11,37.56,37.56,36.95,37.0,295500,False,AHCL
2021-08-12,37.1,37.1,36.7,36.7,9000,False,AHCL
2021-08-13,37.0,37.0,36.35,36.45,3500,False,AHCL
2021-08-16,38.44,38.44,35.75,35.75,34000,False,AHCL
2021-08-17,36.0,38.43,36.0,37.22,947500,False,AHCL
2021-08-20,37.7,37.7,37.0,37.07,82500,False,AHCL
2021-08-23,37.3,37.3,36.5,36.65,50500,False,AHCL
2021-08-24,36.98,37.1,36.6,36.61,86500,False,AHCL
2021-08-25,36.76,36.95,36.7,36.71,15000,False,AHCL
2021-08-26,36.71,36.8,36.71,36.8,2500,False,AHCL
2021-08-27,37.2,37.24,36.6,36.74,18000,False,AHCL
2021-08-30,36.35,36.74,36.25,36.26,12500,False,AHCL
2021-08-31,36.31,36.89,36.3,36.33,110000,False,AHCL
2021-09-01,36.6,37.12,36.6,36.71,73500,False,AHCL
2021-09-02,37.0,37.5,37.0,37.41,58500,False,AHCL
2021-09-03,38.22,38.22,37.01,37.01,2500,False,AHCL
2021-09-06,37.01,38.0,37.01,37.62,252000,False,AHCL
2021-09-07,37.21,37.5,37.1,37.11,14500,False,AHCL
2021-09-08,37.02,37.5,37.0,37.49,271000,False,AHCL
2021-09-09,37.49,37.49,37.14,37.14,2000,False,AHCL
2021-09-10,37.02,38.2,37.02,37.86,359000,False,AHCL
2021-09-13,37.9,37.9,37.39,37.39,5500,False,AHCL
2021-09-14,37.0,37.0,36.77,36.77,3500,False,AHCL
2021-09-15,36.88,37.0,36.88,37.0,19500,False,AHCL
2021-09-16,36.52,37.47,36.51,37.0,8500,False,AHCL
2021-09-17,37.0,37.45,36.8,37.0,32500,False,AHCL
2021-09-20,36.51,37.5,36.5,37.41,130000,False,AHCL
2021-09-21,37.45,37.45,36.5,36.53,29000,False,AHCL
2021-09-22,36.2,37.45,36.11,37.37,106500,False,AHCL
2021-09-23,37.98,37.98,37.15,37.15,6500,False,AHCL
2021-09-24,37.0,37.01,36.6,36.61,35000,False,AHCL
2021-09-28,37.49,37.49,36.87,37.0,3000,False,AHCL
2021-09-29,36.8,37.0,36.5,36.5,12000,False,AHCL
2021-09-30,35.7,36.0,34.52,35.73,83500,False,AHCL
2021-10-01,36.73,36.73,36.73,36.73,1000,False,AHCL
2021-10-04,35.1,36.1,35.1,36.1,2000,False,AHCL
2021-10-05,35.51,36.0,35.51,36.0,1500,False,AHCL
2021-10-06,35.4,36.0,35.0,36.0,14500,False,AHCL
2021-10-07,36.99,37.2,36.4,36.9,9500,False,AHCL
2021-10-08,37.2,37.2,36.9,36.9,39000,False,AHCL
2021-10-11,36.29,36.9,35.4,36.47,3500,False,AHCL
2021-10-12,36.0,36.0,36.0,36.0,3000,False,AHCL
2021-10-13,36.0,36.0,35.45,35.45,3500,False,AHCL
2021-10-14,35.5,36.0,35.45,35.45,11500,False,AHCL
2021-10-15,35.51,35.51,35.5,35.5,5000,False,AHCL
2021-10-18,35.97,38.16,35.0,37.01,89000,False,AHCL
2021-10-20,34.5,36.56,34.01,36.17,162500,False,AHCL
2021-10-21,35.72,38.5,35.2,37.66,234000,False,AHCL
2021-10-22,36.1,36.24,35.25,35.38,70000,False,AHCL
2021-10-25,0.0,0.0,0.0,35.38,0,True,AHCL
2021-10-26,34.82,36.88,34.82,35.96,3500,False,AHCL
2021-10-27,35.02,35.02,35.0,35.0,5000,False,AHCL
2021-10-28,35.8,35.8,35.2,35.6,5500,False,AHCL
2021-10-29,34.75,36.0,34.75,36.0,8000,False,AHCL
2021-11-01,36.0,36.4,35.6,36.4,8000,False,AHCL
2021-11-03,35.6,35.7,35.25,35.6,26500,False,AHCL
2021-11-04,37.48,37.48,35.25,35.84,4000,False,AHCL
2021-11-05,35.2,37.48,35.2,35.88,11500,False,AHCL
2021-11-08,35.35,36.74,35.35,36.13,13000,False,AHCL
2021-11-09,35.35,35.35,35.0,35.35,4500,False,AHCL
2021-11-10,35.0,35.0,35.0,35.0,1000,False,AHCL
2021-11-11,34.6,34.6,34.05,34.15,10500,False,AHCL
2021-11-16,33.51,34.34,31.75,34.11,25000,False,AHCL
2021-11-17,33.99,33.99,33.5,33.5,1000,False,AHCL
2021-11-18,33.0,34.0,33.0,33.25,5500,False,AHCL
2021-11-19,33.79,35.74,33.79,35.6,166000,False,AHCL
2021-11-22,34.06,35.5,34.06,34.7,12500,False,AHCL
2021-11-23,33.86,33.86,33.86,33.86,3500,False,AHCL
2021-11-24,33.55,34.75,33.5,34.17,100500,False,AHCL
2021-11-26,34.5,34.5,34.5,34.5,2000,False,AHCL
2021-11-29,34.5,35.0,34.5,35.0,11500,False,AHCL
2021-12-01,34.02,34.26,34.01,34.24,4000,False,AHCL
2021-12-02,33.0,33.0,32.1,32.19,12000,False,AHCL
2021-12-03,34.49,34.6,32.19,34.5,193000,False,AHCL
2021-12-06,34.55,34.55,34.55,34.55,2000,False,AHCL
2021-12-08,34.0,35.5,33.03,35.36,24000,False,AHCL
2021-12-09,35.97,36.0,35.8,35.98,23000,False,AHCL
2021-12-10,33.67,38.0,33.67,36.62,95500,False,AHCL
2021-12-13,35.03,35.2,35.0,35.2,7500,False,AHCL
2021-12-14,34.3,37.0,34.0,36.41,47000,False,AHCL
2021-12-17,35.0,36.9,35.0,35.88,20500,False,AHCL
2021-12-20,34.6,35.1,34.6,35.88,1000,True,AHCL
2021-12-21,35.01,35.5,35.0,35.11,5000,False,AHCL
2021-12-22,35.99,36.0,35.75,36.0,14000,False,AHCL
2021-12-23,35.5,35.5,35.4,35.41,15000,False,AHCL
2021-12-24,35.41,37.2,35.4,36.56,28000,False,AHCL
2021-12-27,0.0,36.56,36.56,36.56,1000,True,AHCL
2021-12-29,35.05,35.05,35.0,35.01,2500,False,AHCL
2021-12-30,35.43,35.5,35.43,35.47,1000,False,AHCL
2021-12-31,36.0,36.0,35.47,35.83,13500,False,AHCL
2022-01-03,35.61,36.7,35.51,35.74,13500,False,AHCL
2022-01-04,35.52,36.5,35.51,35.6,16000,False,AHCL
2022-01-05,35.51,35.53,35.3,35.53,5500,False,AHCL
2022-01-07,34.04,35.31,34.04,35.31,1000,False,AHCL
2022-01-10,35.0,35.26,35.0,35.25,3000,False,AHCL
2022-01-11,36.28,36.28,35.5,35.6,7500,False,AHCL
2022-01-13,35.12,35.49,35.12,35.49,2500,False,AHCL
2022-01-14,35.15,36.0,35.15,36.0,1500,False,AHCL
2022-01-17,35.1,35.48,35.1,35.48,7000,False,AHCL
2022-01-18,35.02,35.5,35.01,35.2,5500,False,AHCL
2022-01-28,35.0,36.0,35.0,35.95,26000,False,AHCL
2022-01-31,37.3,37.3,36.0,36.69,5500,False,AHCL
2022-02-01,36.5,36.5,36.0,36.0,14500,False,AHCL
2022-02-02,35.5,35.5,35.4,35.5,2000,False,AHCL
2022-02-03,35.55,35.94,35.5,35.94,7000,False,AHCL
2022-02-04,36.47,36.48,35.99,35.99,1500,False,AHCL
2022-02-07,35.7,36.0,35.7,36.0,3500,False,AHCL
2022-02-08,35.5,35.5,35.5,35.5,2500,False,AHCL
2022-02-09,34.62,34.62,34.62,34.62,5500,False,AHCL
2022-02-10,35.45,35.84,35.16,35.84,9500,False,AHCL
2022-02-11,35.11,35.11,34.61,34.61,1000,False,AHCL
2022-02-16,34.84,34.84,34.84,34.84,500,False,AHCL
2022-02-17,35.01,35.01,35.0,35.0,1500,False,AHCL
2022-02-18,35.5,35.5,35.5,35.5,500,False,AHCL
2022-02-21,34.1,34.25,34.0,34.04,7500,False,AHCL
2022-02-22,34.05,35.0,34.0,34.5,20500,False,AHCL
2022-02-23,34.11,34.11,32.51,33.5,11500,False,AHCL
2022-02-24,33.5,33.5,33.5,33.5,500,False,AHCL
2022-02-25,33.48,33.5,32.02,33.1,6500,False,AHCL
2022-02-28,34.39,34.39,34.39,34.39,1000,False,AHCL
2022-03-01,34.35,34.35,34.35,34.35,500,False,AHCL
2022-03-02,32.65,35.77,32.65,35.77,1500,False,AHCL
2022-03-03,35.24,38.45,35.24,35.88,221500,False,AHCL
2022-03-04,35.5,35.51,35.0,35.5,226000,False,AHCL
2022-03-07,34.25,35.0,34.25,34.91,112500,False,AHCL
2022-03-08,35.49,35.5,35.0,35.0,149000,False,AHCL
2022-03-09,34.14,37.45,34.14,36.16,69000,False,AHCL
2022-03-10,36.02,37.35,36.0,36.94,32000,False,AHCL
2022-03-11,36.75,37.0,36.75,36.93,5000,False,AHCL
2022-03-14,37.36,37.7,36.05,36.05,3500,False,AHCL
2022-03-15,35.0,35.41,34.55,35.3,9000,False,AHCL
2022-03-16,35.56,37.37,35.56,36.71,41500,False,AHCL
2022-03-21,35.53,35.53,35.53,35.53,1000,False,AHCL
2022-03-22,35.5,36.4,35.5,36.4,21000,False,AHCL
2022-03-25,36.25,36.9,36.25,36.78,44000,False,AHCL
2022-03-28,36.0,36.98,35.65,36.32,16000,False,AHCL
2022-03-29,36.03,36.03,35.62,35.77,7000,False,AHCL
2022-03-30,35.21,35.95,35.2,35.5,3000,False,AHCL
2022-04-01,36.0,38.16,36.0,37.6,77000,False,AHCL
2022-04-04,36.02,36.02,36.0,36.01,2500,False,AHCL
2022-04-05,36.37,37.95,36.37,37.45,25500,False,AHCL
2022-04-07,36.5,36.5,36.5,36.5,1000,False,AHCL
2022-04-08,38.25,39.23,38.25,38.9,68500,False,AHCL
2022-04-11,38.89,39.0,38.1,38.97,23500,False,AHCL
2022-04-12,37.41,37.87,37.41,37.87,5500,False,AHCL
2022-04-13,37.99,39.9,37.66,39.23,26500,False,AHCL
2022-04-14,38.5,38.5,38.5,38.5,3000,False,AHCL
2022-04-15,38.13,38.89,38.13,38.41,2000,False,AHCL
2022-04-18,38.25,38.5,38.07,38.5,4500,False,AHCL
2022-04-19,38.0,38.01,38.0,38.01,3000,False,AHCL
2022-04-20,37.58,38.5,37.52,38.49,8500,False,AHCL
2022-04-22,0.0,38.49,38.49,38.49,10000,True,AHCL
2022-04-25,36.43,38.29,36.43,38.28,3500,False,AHCL
2022-04-26,38.0,38.85,38.0,38.34,2500,False,AHCL
2022-05-06,36.5,41.2,36.5,40.05,49500,False,AHCL
2022-05-09,37.71,38.9,37.6,38.47,37500,False,AHCL
2022-05-10,38.03,38.47,38.03,38.25,3500,False,AHCL
2022-05-11,37.03,37.03,37.0,37.0,8000,False,AHCL
2022-05-12,36.9,37.0,36.9,37.0,2000,False,AHCL
2022-05-13,36.51,36.51,36.01,36.01,5000,False,AHCL
2022-05-16,36.01,38.0,36.01,37.86,17500,False,AHCL
2022-05-18,35.51,35.51,35.51,35.51,2000,False,AHCL
2022-05-19,37.85,37.85,37.85,37.85,500,False,AHCL
2022-05-23,35.46,36.99,35.46,36.52,4000,False,AHCL
2022-05-25,37.0,38.71,37.0,37.21,4000,False,AHCL
2022-05-27,38.47,38.47,38.47,38.47,1000,False,AHCL
2022-05-30,37.0,38.48,37.0,38.0,3000,False,AHCL
2022-05-31,36.39,37.0,36.3,37.0,25500,False,AHCL
2022-06-01,36.05,36.05,36.04,36.04,1500,False,AHCL
2022-06-02,36.0,36.0,36.0,36.0,500,False,AHCL
2022-06-06,36.99,37.0,36.99,37.0,8000,False,AHCL
2022-06-08,36.03,36.03,36.03,36.03,500,False,AHCL
2022-06-09,38.5,38.55,36.5,36.55,6500,False,AHCL
2022-06-10,36.6,36.6,36.6,36.6,500,False,AHCL
2022-06-15,36.25,36.25,36.25,36.25,1000,False,AHCL
2022-06-16,36.25,36.25,36.25,36.25,2500,False,AHCL
2022-06-17,36.0,36.0,36.0,36.0,500,False,AHCL
2022-06-21,36.0,36.2,36.0,36.13,7500,False,AHCL
2022-06-23,36.0,36.0,35.08,35.66,21000,False,AHCL
2022-06-24,34.65,35.66,32.99,33.02,114500,False,AHCL
2022-06-27,33.99,33.99,32.65,32.65,16000,False,AHCL
2022-06-28,32.5,33.01,32.5,32.75,179500,False,AHCL
2022-06-29,33.89,35.2,33.89,35.2,48000,False,AHCL
2022-06-30,36.9,37.84,35.03,37.0,1209000,False,AHCL
2022-07-01,37.0,37.0,36.01,36.01,1500,False,AHCL
2022-07-05,35.0,35.0,35.0,35.0,5500,False,AHCL
2022-07-06,35.0,36.0,35.0,36.0,266000,False,AHCL
2022-07-07,36.0,36.0,36.0,36.0,500,False,AHCL
2022-07-14,36.1,36.1,36.1,36.1,2000,False,AHCL
2022-07-15,36.1,36.1,36.1,36.1,500,False,AHCL
2022-07-19,35.11,35.11,35.01,35.01,1000,False,AHCL
2022-07-20,35.84,37.4,35.84,36.6,4000,False,AHCL
2022-07-21,35.0,35.5,34.51,35.0,51500,False,AHCL
2022-07-22,35.0,37.0,35.0,36.23,10500,False,AHCL
2022-07-26,36.9,36.9,36.9,36.9,5000,False,AHCL
2022-07-27,35.55,36.65,35.5,36.14,14500,False,AHCL
2022-07-28,35.46,35.46,35.46,35.46,1500,False,AHCL
2022-07-29,35.05,35.49,35.05,35.27,1000,False,AHCL
2022-08-03,35.4,37.4,35.4,36.44,56000,False,AHCL
2022-08-04,35.53,35.95,35.53,35.95,6000,False,AHCL
2022-08-05,36.5,37.0,36.5,36.96,22000,False,AHCL
2022-08-10,36.94,36.95,36.94,36.95,1500,False,AHCL
2022-08-11,36.03,36.03,36.0,36.0,1500,False,AHCL
2022-08-12,36.0,36.0,35.9,36.0,7500,False,AHCL
2022-08-15,36.51,36.51,36.0,36.0,31000,False,AHCL
2022-08-16,36.5,36.5,36.0,36.0,6500,False,AHCL
2022-08-17,36.0,36.0,36.0,36.0,2000,False,AHCL
2022-08-19,36.49,37.0,36.49,36.84,50500,False,AHCL
2022-08-22,36.5,36.5,35.51,35.51,1000,False,AHCL
2022-08-23,35.51,36.49,35.51,36.49,1000,False,AHCL
2022-08-24,35.63,35.95,35.62,35.95,11000,False,AHCL
2022-08-26,36.0,36.0,35.56,35.56,1500,False,AHCL
2022-08-30,35.1,35.1,35.0,35.0,16500,False,AHCL
2022-08-31,35.0,35.0,34.8,35.0,4500,False,AHCL
2022-09-01,35.0,35.0,35.0,35.0,1000,False,AHCL
2022-09-02,35.0,35.0,35.0,35.0,28500,False,AHCL
2022-09-05,35.0,35.75,35.0,35.38,10500,False,AHCL
2022-09-06,35.9,36.0,35.9,35.97,4000,False,AHCL
2022-09-08,35.9,35.9,35.1,35.1,3500,False,AHCL
2022-09-13,34.39,34.51,34.39,34.51,5500,False,AHCL
2022-09-14,34.99,35.4,34.36,34.36,4000,False,AHCL
2022-09-15,35.0,35.0,34.65,34.65,1000,False,AHCL
2022-09-19,34.01,34.94,34.01,34.94,1500,False,AHCL
2022-09-23,35.0,35.0,35.0,35.0,5000,False,AHCL
2022-09-29,35.5,35.5,33.0,33.02,20500,False,AHCL
2022-09-30,33.5,33.5,33.5,33.5,2500,False,AHCL
2022-10-03,35.45,36.01,35.45,35.99,122000,False,AHCL
2022-10-04,35.8,35.85,35.4,35.4,4000,False,AHCL
2022-10-05,35.95,35.98,35.0,35.98,16000,False,AHCL
2022-10-06,35.28,35.99,35.28,35.52,9500,False,AHCL
2022-10-07,35.95,35.95,35.5,35.5,1500,False,AHCL
2022-10-10,35.5,35.5,35.5,35.5,1000,False,AHCL
2022-10-11,35.98,36.0,35.98,36.0,51500,False,AHCL
2022-10-12,36.0,36.0,35.99,36.0,11000,False,AHCL
2022-10-13,36.0,36.0,35.35,35.35,10500,False,AHCL
2022-10-14,35.0,35.17,34.5,35.17,11000,False,AHCL
2022-10-17,35.18,35.4,34.98,35.4,22000,False,AHCL
2022-10-18,35.0,35.38,35.0,35.38,1000,False,AHCL
2022-10-19,35.24,36.94,35.24,36.6,18000,False,AHCL
2022-10-20,33.99,34.81,32.6,33.0,3000,False,AHCL
2022-10-24,31.14,31.93,31.14,31.93,1000,False,AHCL
2022-10-25,32.98,33.75,32.98,33.67,28000,False,AHCL
2022-10-26,33.0,34.5,33.0,33.95,15000,False,AHCL
2022-10-27,33.5,34.65,33.5,34.46,6000,False,AHCL
2022-10-28,32.38,34.89,32.38,34.39,2000,False,AHCL
2022-10-31,34.19,34.19,34.19,34.19,2500,False,AHCL
2022-11-03,33.06,34.2,33.06,34.03,3000,False,AHCL
2022-11-04,34.16,34.16,34.16,34.16,500,False,AHCL
2022-11-14,32.93,34.2,32.5,34.0,64000,False,AHCL
2022-11-16,34.0,34.15,34.0,34.15,2000,False,AHCL
2022-11-17,34.0,34.0,34.0,34.0,2000,False,AHCL
2022-11-18,33.25,33.89,33.0,33.89,7500,False,AHCL
2022-11-21,33.5,34.0,33.02,33.93,11500,False,AHCL
2022-11-22,33.5,33.5,33.5,33.5,500,False,AHCL
2022-11-23,34.9,34.9,34.9,34.9,500,False,AHCL
2022-11-25,35.0,35.0,35.0,35.0,1000,False,AHCL
2022-11-28,34.0,34.0,34.0,34.0,1000,False,AHCL
2022-11-29,33.5,33.5,33.4,33.4,1000,False,AHCL
2022-12-01,33.11,34.74,33.0,33.68,4000,False,AHCL
2022-12-02,33.5,34.85,33.5,34.85,1000,False,AHCL
2022-12-05,34.25,34.25,34.25,34.25,1000,False,AHCL
2022-12-06,33.01,34.07,33.0,34.07,2000,False,AHCL
2022-12-07,33.01,34.0,33.0,33.88,18000,False,AHCL
2022-12-08,33.04,33.04,33.0,33.0,22500,False,AHCL
2022-12-09,32.51,34.89,32.51,34.64,6500,False,AHCL
2022-12-12,33.1,34.5,32.1,34.03,25000,False,AHCL
2022-12-13,33.31,33.31,33.31,33.31,500,False,AHCL
2022-12-14,34.89,34.9,34.89,34.9,1000,False,AHCL
2022-12-15,33.31,34.65,33.15,34.62,3500,False,AHCL
2022-12-16,33.27,34.9,33.24,34.49,20000,False,AHCL
2022-12-19,33.5,34.5,33.0,34.3,40000,False,AHCL
2022-12-20,32.55,34.3,32.0,34.17,38500,False,AHCL
2022-12-23,34.0,34.0,34.0,34.0,2500,False,AHCL
2022-12-26,33.51,33.51,33.5,33.5,1500,False,AHCL
2022-12-27,33.5,33.5,33.5,33.5,1000,False,AHCL
2022-12-29,33.8,33.8,33.8,33.8,500,False,AHCL
2022-12-30,33.79,34.95,33.79,34.44,20000,False,AHCL
2023-01-02,34.0,34.8,34.0,34.65,17000,False,AHCL
2023-01-03,34.0,34.5,34.0,34.33,2000,False,AHCL
2023-01-04,0.0,34.33,34.33,34.33,500,True,AHCL
2023-01-05,34.0,34.2,33.14,33.96,3000,False,AHCL
2023-01-09,33.79,33.79,33.79,33.79,1000,False,AHCL
2023-01-11,32.61,33.5,32.61,33.49,7500,False,AHCL
2023-01-12,33.7,33.7,33.7,33.7,1500,False,AHCL
2023-01-13,32.69,32.69,32.68,32.68,1000,False,AHCL
2023-01-16,33.6,33.69,33.6,33.65,1000,False,AHCL
2023-01-17,33.0,33.56,33.0,33.56,2500,False,AHCL
2023-01-18,33.2,33.3,32.26,32.8,31000,False,AHCL
2023-01-19,33.0,33.0,33.0,33.0,2500,False,AHCL
2023-01-20,33.38,33.38,32.9,32.93,2500,False,AHCL
2023-01-23,33.1,33.1,33.1,33.1,1000,False,AHCL
2023-01-24,33.0,33.0,32.0,32.1,11000,False,AHCL
2023-01-25,32.56,33.8,32.5,33.3,10500,False,AHCL
2023-01-26,33.79,34.4,33.79,33.96,20000,False,AHCL
2023-01-27,34.88,34.88,32.11,32.5,2000,False,AHCL
2023-01-30,32.0,32.0,32.0,32.0,7000,False,AHCL
2023-01-31,33.48,34.0,33.48,33.92,40000,False,AHCL
2023-02-01,33.91,33.95,33.91,33.95,5500,False,AHCL
2023-02-02,33.3,33.9,33.0,33.83,8500,False,AHCL
2023-02-03,33.25,33.8,33.0,33.32,9000,False,AHCL
2023-02-06,33.12,33.45,32.52,33.37,22500,False,AHCL
2023-02-07,33.6,33.66,32.6,33.66,3500,False,AHCL
2023-02-09,33.1,33.49,32.75,33.01,46500,False,AHCL
2023-02-10,32.99,33.0,32.45,32.73,12000,False,AHCL
2023-02-13,32.76,33.0,32.73,33.0,3500,False,AHCL
2023-02-14,32.6,32.98,32.5,32.98,15000,False,AHCL
2023-02-15,32.7,32.7,32.66,32.66,1500,False,AHCL
2023-02-16,31.5,32.72,31.46,31.75,2000,False,AHCL
2023-02-17,32.66,32.89,32.02,32.89,2500,False,AHCL
2023-02-20,32.19,32.75,32.19,32.72,10500,False,AHCL
2023-02-21,31.0,32.45,31.0,32.45,3000,False,AHCL
2023-02-22,32.0,32.0,31.51,31.88,6500,False,AHCL
2023-02-23,31.55,31.55,31.55,31.55,1000,False,AHCL
2023-02-24,31.99,31.99,31.99,31.99,500,False,AHCL
2023-02-27,31.03,31.03,31.0,31.0,11000,False,AHCL
2023-03-01,31.89,31.89,31.4,31.57,3000,False,AHCL
2023-03-02,31.02,31.54,31.0,31.54,6000,False,AHCL
2023-03-03,32.73,32.73,32.73,32.73,1000,False,AHCL
2023-03-06,32.18,32.73,30.31,30.44,29000,False,AHCL
2023-03-07,31.72,31.73,31.25,31.6,3500,False,AHCL
2023-03-08,29.93,31.6,29.93,30.93,13000,False,AHCL
2023-03-09,31.45,31.49,31.45,31.47,1000,False,AHCL
2023-03-13,31.5,31.5,30.29,30.3,2000,False,AHCL
2023-03-14,31.0,31.0,30.0,30.11,18500,False,AHCL
2023-03-16,30.83,30.93,30.83,30.87,1500,False,AHCL
2023-03-24,29.2,30.96,29.15,30.95,3000,False,AHCL
2023-03-27,30.1,30.1,30.0,30.1,12500,False,AHCL
2023-03-31,30.1,30.1,30.1,30.1,500,False,AHCL
2023-04-03,30.0,30.09,30.0,30.05,1000,False,AHCL
2023-04-04,31.03,31.03,31.0,31.01,1500,False,AHCL
2023-04-05,30.89,30.89,30.01,30.43,8500,False,AHCL
2023-04-06,30.02,30.02,30.01,30.01,1500,False,AHCL
2023-04-12,30.39,30.4,30.39,30.4,5000,False,AHCL
2023-04-18,30.44,30.45,30.44,30.45,2000,False,AHCL
2023-04-19,30.43,30.43,30.43,30.43,1000,False,AHCL
2023-04-20,30.4,30.4,30.1,30.1,10000,False,AHCL
2023-04-26,29.31,29.31,29.0,29.0,3500,False,AHCL
2023-04-27,29.96,30.0,29.96,29.98,2000,False,AHCL
2023-04-28,29.95,29.99,29.95,29.97,1500,False,AHCL
2023-05-02,29.24,29.24,27.73,27.73,128000,False,AHCL
2023-05-03,26.53,29.8,25.72,28.79,150000,False,AHCL
2023-05-04,28.75,28.79,27.56,28.79,2500,False,AHCL
2023-05-05,28.97,28.99,28.97,28.98,1500,False,AHCL
2023-05-08,28.01,28.98,27.0,27.02,101500,False,AHCL
2023-05-09,27.96,27.96,27.96,27.96,500,False,AHCL
2023-05-10,27.28,27.28,27.28,27.28,1000,False,AHCL
2023-05-11,27.25,28.63,27.25,28.19,13500,False,AHCL
2023-05-15,26.72,26.72,26.08,26.15,119000,False,AHCL
2023-05-16,26.24,26.98,26.24,26.6,10000,False,AHCL
2023-05-18,26.97,26.97,26.97,26.97,500,False,AHCL
2023-05-19,25.22,26.53,25.22,26.53,1000,False,AHCL
2023-05-22,26.94,26.98,26.94,26.96,1500,False,AHCL
2023-05-24,27.0,27.4,27.0,27.05,6500,False,AHCL
2023-05-26,26.99,26.99,26.99,26.99,500,False,AHCL
2023-05-29,26.9,26.9,24.97,24.98,56500,False,AHCL
2023-05-30,24.8,25.09,24.0,24.67,41000,False,AHCL
2023-05-31,24.01,24.59,23.5,24.09,38500,False,AHCL
2023-06-01,24.0,24.0,24.0,24.0,232500,False,AHCL
2023-06-02,24.0,24.49,24.0,24.28,4500,False,AHCL
2023-06-05,24.0,24.75,24.0,24.59,6000,False,AHCL
2023-06-06,24.01,24.66,24.01,24.66,2500,False,AHCL
2023-06-07,24.0,24.98,24.0,24.75,9500,False,AHCL
2023-06-09,24.75,24.75,24.01,24.5,3500,False,AHCL
2023-06-12,24.89,24.9,24.75,24.75,3000,False,AHCL
2023-06-13,24.88,24.88,24.12,24.12,76000,False,AHCL
2023-06-14,24.13,24.13,24.11,24.12,2000,False,AHCL
2023-06-16,24.06,24.06,23.75,23.98,6000,False,AHCL
2023-06-21,24.0,24.0,23.51,23.52,4000,False,AHCL
2023-06-22,23.26,23.26,23.25,23.25,1500,False,AHCL
2023-06-23,23.01,23.37,22.75,23.37,6000,False,AHCL
2023-06-26,23.02,24.9,23.02,24.27,12000,False,AHCL
2023-06-27,24.6,25.79,24.0,24.87,42500,False,AHCL
2023-07-03,26.69,26.74,25.0,26.67,58500,False,AHCL
2023-07-04,27.76,27.8,27.25,27.56,19500,False,AHCL
2023-07-05,27.67,27.7,27.65,27.65,40500,False,AHCL
2023-07-06,27.64,29.7,27.64,28.67,219500,False,AHCL
2023-07-07,26.82,28.67,26.82,28.44,12500,False,AHCL
2023-07-11,28.44,28.44,28.44,28.44,5000,False,AHCL
2023-07-12,27.81,28.5,27.61,28.5,5000,False,AHCL
2023-07-13,27.8,28.5,27.5,28.3,9500,False,AHCL
2023-07-14,27.6,28.5,27.6,28.45,9000,False,AHCL
2023-07-17,28.5,28.5,28.5,28.5,7000,False,AHCL
2023-07-18,28.5,28.5,28.5,28.5,6000,False,AHCL
2023-07-20,26.71,28.98,26.71,27.45,56500,False,AHCL
2023-07-21,28.14,28.25,28.14,28.18,2000,False,AHCL
2023-07-24,27.98,28.2,27.98,28.07,2500,False,AHCL
2023-07-25,27.11,27.11,27.11,27.11,500,False,AHCL
2023-07-26,27.98,28.73,27.98,28.17,10000,False,AHCL
2023-07-27,27.99,28.0,27.99,28.0,22000,False,AHCL
2023-07-31,28.0,28.01,28.0,28.0,40000,False,AHCL
2023-08-01,27.31,27.75,27.29,27.65,24000,False,AHCL
2023-08-02,27.98,28.0,27.98,28.0,22500,False,AHCL
2023-08-03,27.41,28.0,27.33,27.33,8000,False,AHCL
2023-08-04,27.05,27.5,27.0,27.5,6500,False,AHCL
2023-08-07,26.85,26.85,26.75,26.77,2500,False,AHCL
2023-08-08,27.48,27.48,26.75,26.75,4000,False,AHCL
2023-08-09,27.44,27.44,27.4,27.4,1000,False,AHCL
2023-08-10,26.76,27.5,26.76,27.31,2000,False,AHCL
2023-08-11,27.07,27.07,27.06,27.06,1000,False,AHCL
2023-08-15,27.1,27.59,27.1,27.59,1000,False,AHCL
2023-08-16,27.6,27.6,27.45,27.45,1000,False,AHCL
2023-08-17,27.0,27.43,27.0,27.42,2500,False,AHCL
2023-08-22,27.43,27.69,26.85,27.5,3000,False,AHCL
2023-08-23,26.65,26.65,26.65,26.65,500,False,AHCL
2023-08-24,27.68,27.83,27.68,27.79,2000,False,AHCL
2023-08-25,27.0,27.0,27.0,27.0,1000,False,AHCL
2023-08-28,27.76,27.89,27.76,27.83,5000,False,AHCL
2023-08-29,27.21,27.58,27.07,27.58,1500,False,AHCL
2023-08-30,27.09,27.09,27.09,27.09,500,False,AHCL
2023-09-01,27.74,27.75,27.74,27.75,2000,False,AHCL
2023-09-04,27.89,27.9,27.89,27.9,3000,False,AHCL
2023-09-07,27.21,27.5,26.95,27.42,9500,False,AHCL
2023-09-08,27.7,27.85,27.7,27.81,2000,False,AHCL
2023-09-13,26.8,26.8,26.8,26.8,500,False,AHCL
2023-09-14,0.0,0.0,0.0,26.8,500,True,AHCL
2023-09-15,27.0,27.89,27.0,27.15,123000,False,AHCL
2023-09-18,27.0,27.5,26.65,27.03,12000,False,AHCL
2023-09-19,27.0,27.0,26.7,26.9,3500,False,AHCL
2023-09-20,26.11,26.11,25.74,25.98,14500,False,AHCL
2023-09-21,25.6,26.0,25.6,25.99,34000,False,AHCL
2023-09-22,26.0,26.0,25.99,26.0,53000,False,AHCL
2023-09-25,27.44,27.44,26.0,26.0,3000,False,AHCL
2023-09-27,26.0,26.0,26.0,26.0,6000,False,AHCL
2023-09-28,26.0,26.0,24.3,25.37,52500,False,AHCL
2023-10-02,25.01,25.02,25.01,25.02,1000,False,AHCL
2023-10-03,24.35,24.35,24.35,24.35,500,False,AHCL
2023-10-04,24.39,25.88,24.3,25.52,19000,False,AHCL
2023-10-05,24.87,25.25,24.75,25.11,11000,False,AHCL
2023-10-06,24.51,24.55,24.35,24.5,18000,False,AHCL
2023-10-09,24.26,24.5,24.25,24.48,20500,False,AHCL
2023-10-10,24.5,24.55,24.5,24.5,113500,False,AHCL
2023-10-11,24.63,25.3,24.59,25.01,31500,False,AHCL
2023-10-12,25.0,25.0,24.76,25.0,13500,False,AHCL
2023-10-13,25.0,25.35,24.65,24.67,9500,False,AHCL
2023-10-16,25.0,25.5,25.0,25.37,12000,False,AHCL
2023-10-17,25.48,27.25,25.48,26.24,92000,False,AHCL
2023-10-18,26.0,26.0,25.5,25.79,11000,False,AHCL
2023-10-19,25.56,25.95,25.25,25.94,8500,False,AHCL
2023-10-20,25.94,25.94,25.94,25.94,500,False,AHCL
2023-10-23,25.65,26.0,25.65,26.0,53500,False,AHCL
2023-10-24,25.8,26.0,25.8,26.0,113500,False,AHCL
2023-10-25,26.0,27.95,25.99,27.94,339000,False,AHCL
2023-10-26,28.89,30.04,28.1,29.26,26500,False,AHCL
2023-10-27,28.94,31.45,28.94,30.83,49000,False,AHCL
2023-10-30,30.01,31.7,30.0,31.37,11500,False,AHCL
2023-10-31,30.3,31.66,30.3,31.2,7500,False,AHCL
2023-11-01,30.21,30.88,30.01,30.33,14500,False,AHCL
2023-11-02,29.56,30.0,29.55,29.8,7500,False,AHCL
2023-11-03,30.0,31.85,29.0,31.77,30500,False,AHCL
2023-11-06,30.8,32.89,30.65,32.49,18000,False,AHCL
2023-11-07,31.88,31.89,31.0,31.5,25000,False,AHCL
2023-11-08,31.5,31.5,31.35,31.35,3000,False,AHCL
2023-11-10,32.54,32.55,31.3,31.3,23000,False,AHCL
2023-11-13,30.1,30.75,30.1,30.5,54000,False,AHCL
2023-11-14,30.95,31.75,30.3,30.93,105500,False,AHCL
2023-11-15,31.2,31.5,30.52,31.0,171500,False,AHCL
2023-11-16,31.0,32.33,30.64,31.5,98500,False,AHCL
2023-11-17,31.7,33.86,31.7,32.67,371500,False,AHCL
2023-11-20,31.8,32.75,31.8,32.42,222500,False,AHCL
2023-11-21,32.25,32.59,31.72,32.0,181000,False,AHCL
2023-11-22,32.01,32.01,31.2,31.47,103500,False,AHCL
2023-11-23,31.5,31.98,31.0,31.53,53500,False,AHCL
2023-11-24,31.65,31.65,31.0,31.0,41000,False,AHCL
2023-11-27,30.51,31.0,30.51,31.0,18000,False,AHCL
2023-11-28,31.2,31.2,30.0,30.84,70500,False,AHCL
2023-11-29,30.99,30.99,30.13,30.3,12000,False,AHCL
2023-11-30,30.16,30.21,29.99,30.0,24000,False,AHCL
2023-12-01,30.0,30.25,29.99,30.0,59500,False,AHCL
2023-12-04,30.0,30.24,29.95,30.0,121000,False,AHCL
2023-12-05,30.0,31.41,30.0,31.03,173000,False,AHCL
2023-12-06,31.0,31.7,30.69,31.21,67000,False,AHCL
2023-12-07,31.08,32.0,31.08,31.96,40500,False,AHCL
2023-12-08,31.16,34.3,31.0,33.53,109500,False,AHCL
2023-12-11,33.01,36.04,33.0,35.77,268500,False,AHCL
2023-12-12,36.0,37.98,36.0,37.72,572000,False,AHCL
2023-12-13,37.01,37.02,36.25,37.0,82000,False,AHCL
2023-12-14,35.94,37.72,35.75,37.34,112000,False,AHCL
2023-12-15,37.5,39.24,37.5,38.79,81500,False,AHCL
2023-12-18,38.4,39.5,37.5,37.9,126500,False,AHCL
2023-12-19,36.13,37.0,35.06,36.6,55000,False,AHCL
2023-12-20,35.23,36.9,34.27,36.2,55000,False,AHCL
2023-12-21,35.31,36.8,35.25,36.22,16000,False,AHCL
2023-12-22,35.41,36.65,35.2,36.37,19500,False,AHCL
2023-12-26,35.01,35.5,34.75,34.75,5500,False,AHCL
2023-12-27,35.4,36.47,35.1,36.29,34000,False,AHCL
2023-12-28,35.4,36.84,35.4,36.03,22000,False,AHCL
2023-12-29,36.0,36.0,35.15,35.92,40000,False,AHCL
2024-01-01,36.25,37.0,35.75,37.0,81000,False,AHCL
2024-01-02,36.98,37.0,36.98,37.0,24500,False,AHCL
2024-01-03,36.99,37.0,36.9,36.98,3500,False,AHCL
2024-01-04,36.21,37.0,35.2,36.99,50000,False,AHCL
2024-01-05,36.02,36.85,36.0,36.39,45500,False,AHCL
2024-01-08,36.2,36.75,35.63,36.7,46000,False,AHCL
2024-01-09,36.2,36.74,35.9,36.72,32500,False,AHCL
2024-01-10,36.2,36.64,36.0,36.32,21000,False,AHCL
2024-01-11,36.06,36.06,35.33,35.87,35000,False,AHCL
2024-01-12,35.99,37.02,35.99,36.84,2495000,False,AHCL
2024-01-15,35.2,39.6,35.2,37.04,60500,False,AHCL
2024-01-16,37.9,38.0,37.9,38.0,12000,False,AHCL
2024-01-18,35.35,37.9,35.35,37.81,5000,False,AHCL
2024-01-19,37.0,37.8,37.0,37.78,10000,False,AHCL
2024-01-22,36.81,37.99,36.81,37.73,7000,False,AHCL
2024-01-23,37.1,38.9,37.0,38.14,73500,False,AHCL
2024-01-24,37.55,38.45,37.54,38.44,3000,False,AHCL
2024-01-25,37.5,37.98,37.0,37.77,19500,False,AHCL
2024-01-26,37.11,37.22,37.0,37.14,7000,False,AHCL
2024-01-29,36.89,37.89,36.89,37.46,11500,False,AHCL
2024-01-30,37.0,37.8,37.0,37.8,2500,False,AHCL
2024-01-31,37.0,37.79,37.0,37.63,15500,False,AHCL
2024-02-01,37.1,37.88,37.0,37.73,19500,False,AHCL
2024-02-02,37.12,38.44,37.12,38.24,38000,False,AHCL
2024-02-06,37.11,38.19,36.26,38.0,710500,False,AHCL
2024-02-07,38.6,40.85,37.5,37.5,300000,False,AHCL
2024-02-09,37.24,37.24,37.24,37.24,500,False,AHCL
2024-02-12,36.0,37.0,35.2,36.82,16500,False,AHCL
2024-02-13,36.15,37.25,36.15,37.17,6500,False,AHCL
2024-02-14,36.52,36.99,36.52,36.99,2500,False,AHCL
2024-02-15,36.12,36.99,36.12,36.75,2000,False,AHCL
2024-02-16,35.7,36.7,34.5,35.55,28500,False,AHCL
2024-02-19,35.01,36.0,34.6,35.51,24500,False,AHCL
2024-02-20,35.95,36.39,34.68,35.56,42500,False,AHCL
2024-02-21,36.0,38.23,33.15,36.18,51500,False,AHCL
2024-02-22,36.0,36.01,34.2,35.14,53000,False,AHCL
2024-02-23,35.5,36.0,35.05,35.6,38500,False,AHCL
2024-02-26,36.4,36.4,34.9,35.01,106500,False,AHCL
2024-02-27,34.55,35.0,34.02,34.52,44000,False,AHCL
2024-02-28,34.5,34.7,34.5,34.7,9500,False,AHCL
2024-02-29,34.56,35.15,34.55,35.03,55500,False,AHCL
2024-03-01,34.98,35.0,34.98,35.0,32500,False,AHCL
2024-03-04,35.97,35.97,34.0,35.22,3336500,False,AHCL
2024-03-05,34.57,35.93,34.57,35.51,22000,False,AHCL
2024-03-06,35.7,35.98,35.05,35.7,10000,False,AHCL
2024-03-07,35.99,36.45,35.45,36.35,2500,False,AHCL
2024-03-08,35.45,39.08,35.45,37.57,106500,False,AHCL
2024-03-11,37.52,38.35,37.06,38.11,16500,False,AHCL
2024-03-12,38.46,38.46,36.52,37.44,11000,False,AHCL
2024-03-13,36.7,37.0,35.1,36.17,11500,False,AHCL
2024-03-14,37.37,37.5,37.37,37.48,5000,False,AHCL
2024-03-15,36.6,37.5,36.52,37.5,27000,False,AHCL
2024-03-18,37.75,37.9,37.75,37.84,3000,False,AHCL
2024-03-19,37.5,38.0,37.49,37.79,46000,False,AHCL
2024-03-20,36.71,37.95,36.7,37.65,56000,False,AHCL
2024-03-21,37.5,38.0,37.5,37.99,66000,False,AHCL
2024-03-22,37.9,38.0,37.9,37.99,68000,False,AHCL
2024-03-25,37.9,38.1,37.9,38.09,20500,False,AHCL
2024-03-26,37.99,38.0,37.99,38.0,27000,False,AHCL
2024-03-27,37.6,38.0,37.16,37.98,74500,False,AHCL
2024-03-28,37.99,38.0,37.9,38.0,59000,False,AHCL
2024-03-29,38.11,40.85,38.11,39.7,124000,False,AHCL
2024-04-01,39.0,40.7,39.0,39.85,42500,False,AHCL
2024-04-02,40.0,40.0,39.49,39.5,23000,False,AHCL
2024-04-03,39.02,41.0,39.02,39.76,66000,False,AHCL
2024-04-04,39.5,39.5,39.21,39.49,26500,False,AHCL
2024-04-08,39.0,39.0,38.36,39.0,21000,False,AHCL
2024-04-09,38.97,38.97,38.0,38.65,10000,False,AHCL
2024-04-15,38.25,39.0,37.5,37.69,9714500,False,AHCL
2024-04-16,37.65,38.5,37.65,38.35,90000,False,AHCL
2024-04-17,37.75,39.0,37.75,38.54,5130000,False,AHCL
2024-04-18,38.0,38.5,37.8,38.46,2585000,False,AHCL
2024-04-19,38.5,39.5,38.3,39.26,14500,False,AHCL
2024-04-22,39.25,39.79,38.11,39.79,37000,False,AHCL
2024-04-23,39.52,39.89,39.4,39.76,9500,False,AHCL
2024-04-24,39.5,40.47,39.5,40.3,20500,False,AHCL
2024-04-25,40.0,40.47,38.35,38.43,278000,False,AHCL
2024-04-26,38.4,38.85,37.0,38.5,36000,False,AHCL
2024-04-29,38.75,41.3,38.75,40.2,64500,False,AHCL
2024-04-30,39.5,39.89,38.53,39.78,24000,False,AHCL
2024-05-02,39.97,39.97,38.0,39.37,30000,False,AHCL
2024-05-03,38.71,39.38,38.5,39.19,33000,False,AHCL
2024-05-06,39.0,41.5,39.0,40.09,208500,False,AHCL
2024-05-07,40.25,41.0,39.5,40.51,3193000,False,AHCL
2024-05-08,40.25,40.25,39.6,39.99,3719500,False,AHCL
2024-05-09,39.5,40.3,39.5,40.3,1500,False,AHCL
2024-05-10,39.66,40.2,39.66,39.75,4500,False,AHCL
2024-05-13,40.0,41.0,40.0,40.99,131500,False,AHCL
2024-05-14,41.01,41.01,40.5,40.5,20000,False,AHCL
2024-05-15,40.3,40.5,40.0,40.26,26000,False,AHCL
2024-05-16,40.47,40.48,39.9,39.95,6000,False,AHCL
2024-05-17,40.3,42.95,40.3,42.95,1038000,False,AHCL
2024-05-20,43.45,44.25,43.3,44.25,126500,False,AHCL
2024-05-21,43.01,43.1,43.0,43.1,5500,False,AHCL
2024-05-22,43.45,44.25,43.45,44.21,85500,False,AHCL
2024-05-23,44.25,44.48,44.25,44.25,21500,False,AHCL
2024-05-24,44.0,45.0,44.0,45.0,168000,False,AHCL
2024-05-27,44.25,44.25,43.75,44.0,255274,False,AHCL
2024-05-29,43.99,43.99,43.0,43.13,2571,False,AHCL
2024-05-30,43.95,43.95,42.27,43.13,479,False,AHCL
2024-05-31,45.9,45.9,42.5,42.65,7890,False,AHCL
2024-06-03,42.65,43.3,42.06,42.63,1064,False,AHCL
2024-06-04,43.89,43.9,42.0,42.5,10458,False,AHCL
2024-06-05,44.99,44.99,41.17,42.7,52345,False,AHCL
2024-06-06,43.75,43.75,40.32,41.81,66465,False,AHCL
2024-06-07,42.99,42.99,41.5,42.18,5571,False,AHCL
2024-06-10,42.49,42.49,41.0,41.2,9772,False,AHCL
2024-06-11,41.2,41.21,41.2,41.2,305,False,AHCL
2024-06-12,41.03,43.55,41.03,43.33,255193,False,AHCL
2024-06-13,44.49,44.49,43.0,43.51,25023,False,AHCL
2024-06-14,43.9,45.0,43.5,44.01,1250275,False,AHCL
2024-06-20,45.0,45.0,42.1,42.54,62748,False,AHCL
2024-06-21,43.45,43.45,41.5,42.96,35466,False,AHCL
2024-06-24,42.99,44.5,42.9,44.49,149587,False,AHCL
2024-06-25,44.5,44.5,43.03,43.08,21763,False,AHCL
2024-06-26,46.8,46.8,43.31,45.0,892734,False,AHCL
2024-06-27,46.0,46.0,44.15,45.0,24074,False,AHCL
2024-06-28,45.0,49.0,45.0,48.51,315995,False,AHCL
2024-07-01,48.51,50.35,47.5,50.01,124932,False,AHCL
2024-07-02,50.0,53.5,50.0,53.14,151477,False,AHCL
2024-07-03,53.14,54.9,53.14,54.0,23769,False,AHCL
2024-07-04,54.45,55.89,52.05,54.82,17404,False,AHCL
2024-07-05,54.1,56.0,52.0,56.0,78077,False,AHCL
2024-07-08,57.1,57.9,55.0,57.01,18305,False,AHCL
2024-07-09,54.51,57.2,54.51,57.0,15107,False,AHCL
2024-07-10,56.93,57.0,55.0,56.19,37303,False,AHCL
2024-07-11,57.0,57.0,55.21,56.29,1836,False,AHCL
2024-07-12,55.89,56.48,54.2,55.18,1622,False,AHCL
2024-07-15,55.6,55.6,54.1,55.0,7124,False,AHCL
2024-07-18,55.0,55.06,52.05,52.62,32325,False,AHCL
2024-07-19,53.0,53.1,50.3,51.44,27592,False,AHCL
2024-07-22,52.0,53.0,48.11,50.54,21949,False,AHCL
2024-07-23,51.0,55.0,51.0,53.0,1258,False,AHCL
2024-07-24,53.0,53.0,50.38,50.7,7210,False,AHCL
2024-07-25,50.88,51.0,49.8,49.81,6361,False,AHCL
2024-07-26,49.45,50.73,48.51,48.78,4355,False,AHCL
2024-07-29,49.85,49.85,48.51,48.63,1540,False,AHCL
2024-07-30,49.98,49.98,47.12,48.63,458,False,AHCL
2024-07-31,49.98,49.98,48.0,48.07,1443,False,AHCL
2024-08-01,49.98,49.98,45.15,49.0,24266,False,AHCL
2024-08-02,49.9,52.49,49.5,51.98,38143,False,AHCL
2024-08-05,52.47,52.9,50.44,50.82,1398,False,AHCL
2024-08-06,52.9,52.9,51.9,51.9,1018,False,AHCL
2024-08-07,52.5,52.5,50.49,50.56,4084,False,AHCL
2024-08-08,50.05,51.49,49.88,50.15,11101,False,AHCL
2024-08-09,50.99,55.17,50.99,54.3,1401049,False,AHCL
2024-08-12,54.45,55.3,51.5,51.59,62510,False,AHCL
2024-08-13,51.59,52.79,50.0,50.99,25813,False,AHCL
2024-08-15,50.11,52.94,50.11,50.98,16000,False,AHCL
2024-08-16,50.01,51.49,50.01,50.5,11825,False,AHCL
2024-08-19,51.79,51.79,50.1,50.54,14192,False,AHCL
2024-08-20,50.06,51.39,50.05,51.0,20939,False,AHCL
2024-08-21,51.89,52.35,51.11,52.0,30140,False,AHCL
2024-08-22,50.56,52.69,50.56,52.0,78417,False,AHCL
2024-08-23,51.25,53.48,51.25,53.0,21998,False,AHCL
2024-08-26,53.0,53.0,51.61,51.99,10620,False,AHCL
2024-08-27,51.99,52.94,51.0,52.0,26111,False,AHCL
2024-08-28,52.0,52.01,52.0,52.01,22463,False,AHCL
2024-08-29,52.2,53.23,52.2,53.0,41820,False,AHCL
2024-08-30,53.25,56.2,53.0,55.57,47764,False,AHCL
2024-09-02,55.56,56.0,54.0,54.04,230134,False,AHCL
2024-09-03,55.19,55.19,53.02,53.9,32100,False,AHCL
2024-09-04,54.99,55.4,53.5,55.17,33317,False,AHCL
2024-09-05,55.2,56.0,55.0,55.95,18210,False,AHCL
2024-09-06,56.0,57.99,55.9,56.04,15361,False,AHCL
2024-09-09,56.0,56.19,55.55,56.0,3455,False,AHCL
2024-09-10,55.98,58.36,54.99,56.22,40762,False,AHCL
2024-09-11,57.7,58.5,55.66,58.02,101553,False,AHCL
2024-09-12,56.33,59.25,56.33,58.33,13033,False,AHCL
2024-09-13,58.6,60.0,58.01,59.48,18369,False,AHCL
2024-09-16,57.06,59.88,57.06,57.65,12442,False,AHCL
2024-09-18,61.98,61.98,59.13,59.6,21677,False,AHCL
2024-09-19,57.01,59.5,57.01,57.43,24554,False,AHCL
2024-09-20,57.43,57.95,57.43,57.45,10530,False,AHCL
2024-09-23,57.1,58.0,54.0,57.9,46007,False,AHCL
2024-09-24,57.99,57.99,55.2,57.71,11895,False,AHCL
2024-09-25,56.25,57.6,56.25,56.52,10900,False,AHCL
2024-09-26,55.03,57.5,55.03,56.99,20079,False,AHCL
2024-09-27,56.9,56.99,55.4,56.46,10607,False,AHCL
2024-09-30,56.43,58.0,55.2,56.92,45426,False,AHCL
2024-10-01,57.0,58.8,56.75,58.32,127708,False,AHCL
2024-10-02,57.5,59.9,53.2,58.76,179659,False,AHCL
2024-10-03,58.75,59.6,58.6,58.8,12916,False,AHCL
2024-10-04,58.8,58.8,58.8,58.8,10004,False,AHCL
2024-10-07,56.33,59.0,56.33,58.06,12077,False,AHCL
2024-10-08,59.0,59.95,57.5,58.1,12602,False,AHCL
2024-10-09,57.81,58.99,57.0,57.1,32485,False,AHCL
2024-10-10,57.94,57.94,56.67,57.86,29239,False,AHCL
2024-10-11,62.35,62.35,57.99,58.46,16619,False,AHCL
2024-10-14,58.02,59.89,58.02,59.89,11002,False,AHCL
2024-10-15,60.4,60.4,59.0,59.0,12709,False,AHCL
2024-10-16,59.0,59.5,59.0,59.0,21875,False,AHCL
2024-10-17,59.99,59.99,55.16,58.26,18707,False,AHCL
2024-10-18,58.3,58.3,57.0,57.06,18653,False,AHCL
2024-10-21,58.0,58.99,56.5,58.84,3499564,False,AHCL
2024-10-22,59.88,61.75,59.0,60.76,50381,False,AHCL
2024-10-23,61.8,65.5,60.82,65.41,164926,False,AHCL
2024-10-24,65.5,69.0,64.01,64.66,113513,False,AHCL
2024-10-25,64.01,65.98,62.0,62.05,44530,False,AHCL
2024-10-28,60.71,64.0,58.8,62.21,85681,False,AHCL
2024-10-29,60.02,64.0,59.05,62.8,108337,False,AHCL
2024-10-30,60.05,63.49,58.01,60.39,54523,False,AHCL
2024-10-31,62.95,62.95,59.1,61.09,34345,False,AHCL
2024-11-01,67.2,67.2,65.11,67.2,281405,False,AHCL
2024-11-04,69.8,69.99,67.0,67.79,292643,False,AHCL
2024-11-05,67.61,69.5,61.1,68.21,240755,False,AHCL
2024-11-06,66.11,69.0,66.11,68.13,46835,False,AHCL
2024-11-07,66.0,68.5,66.0,68.03,89658,False,AHCL
2024-11-08,66.5,70.0,66.5,69.91,208233,False,AHCL
2024-11-11,68.0,68.0,62.0,62.4,86684,False,AHCL
2024-11-12,63.24,64.44,60.12,60.73,39325,False,AHCL
2024-11-13,60.12,60.49,59.25,59.95,43657,False,AHCL
2024-11-14,62.49,62.49,58.9,59.14,38206,False,AHCL
2024-11-15,59.3,59.3,54.02,57.27,36119,False,AHCL
2024-11-18,57.0,61.0,56.0,59.73,65280,False,AHCL
2024-11-19,55.0,59.5,53.77,59.07,828024,False,AHCL
2024-11-20,58.05,59.5,57.21,59.19,536144,False,AHCL
2024-11-21,58.11,64.5,58.0,63.43,820857,False,AHCL
2024-11-22,64.0,69.0,62.3,67.13,731202,False,AHCL
2024-11-25,64.0,68.7,64.0,68.24,246833,False,AHCL
2024-11-26,68.0,68.0,61.42,63.86,270017,False,AHCL
2024-11-27,64.0,70.25,64.0,70.25,903041,False,AHCL
2024-11-28,70.98,72.0,68.0,69.02,90124,False,AHCL
2024-11-29,69.1,70.49,69.0,69.05,275583,False,AHCL
2024-12-02,70.0,71.0,68.5,70.33,225507,False,AHCL
2024-12-03,70.9,70.9,68.7,68.97,176242,False,AHCL
2024-12-04,69.0,73.5,68.4,72.64,3135449,False,AHCL
2024-12-05,74.0,75.0,71.7,73.44,1308172,False,AHCL
2024-12-06,73.0,73.49,71.5,71.79,145028,False,AHCL
2024-12-09,69.26,72.93,69.25,70.35,168751,False,AHCL
2024-12-10,70.35,71.49,65.2,67.91,137226,False,AHCL
2024-12-11,69.75,69.75,67.84,68.13,76909,False,AHCL
2024-12-12,69.02,71.2,68.5,70.03,479747,False,AHCL
2024-12-13,69.12,71.51,69.05,70.3,456123,False,AHCL
2024-12-16,71.0,71.88,65.01,68.63,319858,False,AHCL
2024-12-17,68.0,69.0,66.01,66.47,117639,False,AHCL
2024-12-18,67.85,69.0,66.01,67.99,837346,False,AHCL
2024-12-19,67.98,68.98,66.4,66.69,59675,False,AHCL
2024-12-20,67.95,67.95,65.51,67.09,75651,False,AHCL
2024-12-23,69.0,69.45,68.0,69.19,64351,False,AHCL
2024-12-24,69.8,69.9,68.5,68.58,51268,False,AHCL
2024-12-26,68.0,68.89,67.5,67.84,29046,False,AHCL
2024-12-27,68.0,70.1,67.6,68.36,725213,False,AHCL
2024-12-30,68.5,70.5,68.5,69.98,368450,False,AHCL
2024-12-31,69.99,70.0,66.01,69.94,265889,False,AHCL
2025-01-01,68.7,69.95,68.0,68.78,283859,False,AHCL
2025-01-02,68.88,69.0,68.02,68.24,43813,False,AHCL
2025-01-03,69.49,69.49,68.01,68.5,58621,False,AHCL
2025-01-06,68.61,68.75,67.1,68.32,44814,False,AHCL
2025-01-07,67.94,67.94,66.0,66.39,78229,False,AHCL
2025-01-08,66.41,67.3,66.0,66.28,28482,False,AHCL
2025-01-09,66.0,66.84,64.0,65.0,416206,False,AHCL
2025-01-10,64.9,65.0,64.0,64.57,37980,False,AHCL
2025-01-13,64.7,65.96,64.7,65.15,45330,False,AHCL
2025-01-14,66.5,67.5,65.99,67.08,97736,False,AHCL
2025-01-15,67.08,68.9,67.08,68.0,197875,False,AHCL
2025-01-16,68.0,68.9,67.31,67.58,6754,False,AHCL
2025-01-17,67.11,69.8,67.1,69.48,201984,False,AHCL
2025-01-20,69.89,74.72,69.1,71.16,305907,False,AHCL
2025-01-21,70.51,71.88,69.01,69.94,57180,False,AHCL
2025-01-22,69.52,69.52,68.0,68.29,50346,False,AHCL
2025-01-23,68.5,68.65,67.0,68.47,28002,False,AHCL
2025-01-24,68.9,69.6,68.01,69.04,45313,False,AHCL
2025-01-27,68.8,68.8,66.6,67.51,33267,False,AHCL
2025-01-28,66.88,67.51,66.0,67.02,34256,False,AHCL
2025-01-29,67.0,67.75,66.0,66.09,29187,False,AHCL
2025-01-30,66.25,67.25,66.0,66.8,52406,False,AHCL
2025-01-31,66.9,67.9,66.0,67.36,31889,False,AHCL
2025-02-03,67.36,67.5,66.0,66.4,33300,False,AHCL
2025-02-04,66.95,66.95,65.0,65.34,33050,False,AHCL
2025-02-06,66.99,67.78,64.71,65.83,2453988,False,AHCL
2025-02-07,66.0,66.39,64.0,65.11,25016,False,AHCL
2025-02-10,65.8,67.0,63.0,66.36,45441,False,AHCL
2025-02-11,66.49,67.6,66.49,66.81,36674,False,AHCL
2025-02-12,67.9,67.9,66.5,66.79,8100,False,AHCL
2025-02-13,67.9,67.9,66.5,66.53,23761,False,AHCL
2025-02-14,66.85,66.85,66.1,66.53,15289,False,AHCL
2025-02-17,66.0,73.18,66.0,73.18,1244836,False,AHCL
2025-02-18,75.0,80.5,75.0,80.5,1338135,False,AHCL
2025-02-19,88.55,88.55,88.55,88.55,593072,False,AHCL
2025-02-20,89.96,93.8,86.0,88.15,1058390,False,AHCL
2025-02-21,88.5,95.0,86.9,92.9,680096,False,AHCL
2025-02-24,92.5,93.0,91.0,92.06,107159,False,AHCL
2025-02-25,92.9,94.85,90.0,90.05,402636,False,AHCL
2025-02-26,90.05,92.5,90.05,91.16,119741,False,AHCL
2025-02-27,91.95,91.95,90.51,91.4,31681,False,AHCL
2025-02-28,91.98,91.98,89.15,90.65,56346,False,AHCL
2025-03-03,90.5,91.5,88.0,88.62,96630,False,AHCL
2025-03-04,88.9,89.49,87.5,87.96,63015,False,AHCL
2025-03-05,88.99,90.11,87.56,88.15,43846,False,AHCL
2025-03-06,88.21,90.9,88.1,89.68,30596,False,AHCL
2025-03-07,90.88,91.98,89.15,91.57,66265,False,AHCL
2025-03-10,90.98,100.73,90.98,100.59,504728,False,AHCL
2025-03-11,104.89,108.5,102.3,103.12,470699,False,AHCL
2025-03-12,103.0,104.97,100.0,100.45,172580,False,AHCL
2025-03-13,100.45,103.97,100.05,101.58,155681,False,AHCL
2025-03-14,102.9,104.0,101.02,102.4,117638,False,AHCL
2025-03-17,102.3,104.9,101.1,101.62,182293,False,AHCL
2025-03-18,101.98,104.5,101.5,102.55,453417,False,AHCL
2025-03-19,103.6,105.0,101.5,102.17,440063,False,AHCL
2025-03-20,102.97,104.9,101.99,104.21,952323,False,AHCL
2025-03-21,105.8,113.9,105.01,109.69,969177,False,AHCL
2025-03-27,11.4,12.07,10.98,11.58,20574938,False,AHCL
2025-04-03,11.45,11.5,10.8,11.19,7337825,False,AHCL
2025-04-04,11.38,11.38,10.98,11.27,6280304,False,AHCL
2025-04-07,11.34,11.34,10.14,10.42,3418937,False,AHCL
2025-04-08,10.56,11.2,10.51,11.11,2975175,False,AHCL
2025-04-09,10.95,11.14,10.7,11.05,2299044,False,AHCL
2025-04-10,11.25,11.39,11.1,11.16,1242096,False,AHCL
2025-04-11,11.1,11.18,10.89,10.98,781949,False,AHCL
2025-04-14,11.0,11.15,10.93,10.97,606738,False,AHCL
2025-04-15,11.0,11.07,10.8,10.83,687629,False,AHCL
2025-04-16,10.85,11.05,10.68,10.72,1299646,False,AHCL
2025-04-17,10.8,10.96,10.71,10.81,425636,False,AHCL
2025-04-18,10.82,10.96,10.57,10.68,1036947,False,AHCL
2025-04-21,10.65,11.75,10.58,11.59,6224778,False,AHCL
2025-04-22,11.65,11.68,11.1,11.17,2009481,False,AHCL
2025-04-23,11.2,11.59,10.96,11.52,2420188,False,AHCL
2025-04-24,11.2,11.49,11.0,11.29,1530850,False,AHCL
2025-04-25,11.16,11.44,10.8,11.13,1283060,False,AHCL
2025-04-28,11.2,11.37,10.51,11.15,1204104,False,AHCL
2025-04-29,11.2,11.9,10.93,11.62,2408544,False,AHCL
2025-04-30,11.59,11.62,10.91,11.0,1225206,False,AHCL
2025-05-02,11.16,11.5,10.97,11.22,1129011,False,AHCL
2025-05-05,11.39,11.45,10.95,11.16,1038645,False,AHCL
2025-05-06,11.2,11.39,10.99,11.04,545902,False,AHCL
2025-05-07,9.94,10.69,9.94,10.22,1998911,False,AHCL
2025-05-08,10.39,11.24,9.21,9.55,1697931,False,AHCL
2025-05-09,9.49,10.18,9.31,10.06,1626247,False,AHCL
2025-05-12,11.06,11.06,10.75,10.96,2829380,False,AHCL
2025-05-13,10.96,11.07,10.6,10.85,1938223,False,AHCL
2025-05-14,10.8,10.89,10.61,10.7,840644,False,AHCL
2025-05-15,10.8,11.0,10.7,10.79,2552461,False,AHCL
2025-05-16,10.9,10.9,10.65,10.71,865163,False,AHCL
2025-05-19,10.89,10.89,10.61,10.67,250303,False,AHCL
2025-05-20,10.75,10.75,10.61,10.7,1004620,False,AHCL
2025-05-21,10.79,10.79,10.6,10.7,671633,False,AHCL
2025-05-22,10.57,10.89,10.57,10.67,876470,False,AHCL
2025-05-23,10.75,10.75,10.59,10.66,708597,False,AHCL
2025-05-26,10.7,10.7,10.57,10.61,280725,False,AHCL
2025-05-27,10.59,10.67,10.55,10.56,417337,False,AHCL
2025-05-29,10.51,10.65,10.51,10.58,347080,False,AHCL
2025-05-30,10.64,10.76,10.53,10.59,224562,False,AHCL
2025-06-02,10.6,10.64,10.43,10.5,260680,False,AHCL
2025-06-03,10.6,11.14,10.44,10.54,2454839,False,AHCL
2025-06-04,10.54,10.7,10.45,10.55,558904,False,AHCL
2025-06-05,10.6,10.64,10.4,10.49,895438,False,AHCL
2025-06-10,10.53,10.7,10.49,10.51,530403,False,AHCL
2025-06-11,10.66,10.78,10.57,10.72,2666911,False,AHCL
2025-06-12,10.79,10.79,10.5,10.58,2707217,False,AHCL
2025-06-13,10.5,10.95,10.05,10.49,1357084,False,AHCL
2025-06-16,10.4,10.68,10.3,10.43,1544320,False,AHCL
2025-06-17,10.5,10.63,10.19,10.28,3005601,False,AHCL
2025-06-18,10.31,10.49,10.15,10.3,248045,False,AHCL
2025-06-19,10.38,10.47,10.33,10.37,193535,False,AHCL
2025-06-20,10.39,10.39,10.1,10.33,163733,False,AHCL
2025-06-23,10.25,10.3,10.0,10.02,1049164,False,AHCL
2025-06-24,10.15,10.5,10.15,10.39,380482,False,AHCL
2025-06-25,10.45,11.1,10.2,11.02,4437048,False,AHCL
2025-06-26,11.14,11.15,10.75,10.86,959047,False,AHCL
2025-06-27,10.8,10.9,10.55,10.77,524187,False,AHCL
2025-06-30,10.79,11.0,10.55,10.8,1131966,False,AHCL
2025-07-01,11.0,11.18,10.92,10.98,2422629,False,AHCL
2025-07-02,11.09,11.19,10.83,10.91,1274051,False,AHCL
2025-07-03,11.0,11.4,10.9,11.04,1357008,False,AHCL
2025-07-04,11.04,11.4,11.0,11.29,2363658,False,AHCL
2025-07-07,11.7,11.7,11.01,11.44,2684055,False,AHCL
2025-07-08,11.39,11.89,11.21,11.73,2614547,False,AHCL
2025-07-09,11.8,12.57,11.55,12.24,5544570,False,AHCL
2025-07-10,12.35,12.55,12.05,12.32,2402807,False,AHCL
2025-07-11,12.4,12.54,12.15,12.23,3981351,False,AHCL
2025-07-14,12.25,12.6,12.19,12.52,3322692,False,AHCL
2025-07-15,12.52,12.55,12.1,12.14,6988742,False,AHCL
2025-07-16,12.34,12.35,12.08,12.1,1006791,False,AHCL
2025-07-17,12.29,12.29,12.1,12.19,684188,False,AHCL
2025-07-18,12.25,12.5,12.12,12.26,5651153,False,AHCL
2025-07-21,12.35,12.6,12.09,12.54,5136717,False,AHCL
2025-07-22,12.54,12.58,12.0,12.19,7621686,False,AHCL
2025-07-23,12.25,12.26,11.65,11.77,2830418,False,AHCL
2025-07-24,11.92,11.92,11.51,11.61,752097,False,AHCL
2025-07-25,11.62,12.77,11.55,12.75,11355272,False,AHCL
2025-07-28,12.2,12.9,12.2,12.49,3711864,False,AHCL
2025-07-29,12.42,12.57,12.1,12.16,1931750,False,AHCL
2025-07-30,12.2,12.55,12.18,12.3,2280223,False,AHCL
2025-07-31,12.33,12.43,12.25,12.34,626263,False,AHCL
2025-08-01,12.4,12.5,12.26,12.45,1166702,False,AHCL
2025-08-04,12.45,12.55,12.3,12.43,1085296,False,AHCL
2025-08-05,12.48,12.5,12.3,12.35,928515,False,AHCL
2025-08-06,12.48,12.51,12.25,12.4,785544,False,AHCL
2025-08-07,12.47,12.65,12.29,12.32,1972168,False,AHCL
2025-08-08,12.32,12.48,12.25,12.31,553489,False,AHCL
2025-08-11,12.26,12.45,12.2,12.25,634128,False,AHCL
2025-08-12,12.43,12.43,12.25,12.34,1294008,False,AHCL
2025-08-13,12.44,12.44,12.25,12.28,668934,False,AHCL
2025-08-15,12.28,12.4,12.25,12.34,630780,False,AHCL
2025-08-18,12.37,12.44,12.26,12.38,692238,False,AHCL
2025-08-19,12.45,12.88,12.4,12.59,14473860,False,AHCL
2025-08-20,12.58,12.7,12.41,12.59,2839035,False,AHCL
2025-08-21,12.6,12.6,12.44,12.46,1283581,False,AHCL
2025-08-22,12.52,12.92,12.43,12.57,20908847,False,AHCL
2025-08-25,12.78,12.78,12.52,12.59,2292427,False,AHCL
2025-08-26,12.68,13.38,12.54,13.12,8793138,False,AHCL
2025-08-27,13.47,13.88,13.0,13.1,35498879,False,AHCL
2025-08-28,13.28,13.75,13.15,13.49,29093154,False,AHCL
2025-08-29,13.52,13.6,13.26,13.34,3867903,False,AHCL
2025-09-01,13.4,13.5,13.14,13.22,3193065,False,AHCL
2025-09-02,13.37,13.37,13.0,13.09,2542459,False,AHCL
2025-09-03,13.1,13.27,13.05,13.1,4684725,False,AHCL
2025-09-04,13.25,13.28,13.08,13.23,2477098,False,AHCL
2025-09-05,13.23,13.4,13.14,13.26,1955976,False,AHCL
2025-09-08,13.3,13.58,13.14,13.28,3863324,False,AHCL
2025-09-09,13.39,13.4,13.1,13.28,2967060,False,AHCL
2025-09-10,13.2,13.39,13.19,13.27,1329477,False,AHCL
2025-09-11,13.35,14.05,13.25,13.63,12431911,False,AHCL
2025-09-12,13.51,13.84,13.43,13.59,2554341,False,AHCL
2025-09-15,13.7,13.72,13.52,13.61,1573436,False,AHCL
2025-09-16,13.65,13.74,13.48,13.54,2721648,False,AHCL
2025-09-17,13.55,13.65,13.2,13.47,4277539,False,AHCL
2025-09-18,13.58,14.82,13.49,14.48,21239841,False,AHCL
2025-09-19,14.65,14.89,14.1,14.65,17067018,False,AHCL
2025-09-22,14.75,15.4,14.55,14.73,30493004,False,AHCL
2025-09-23,14.9,15.2,14.3,14.82,40162668,False,AHCL
2025-09-24,15.15,15.2,14.38,14.47,23895980,False,AHCL
2025-09-25,14.7,14.8,14.45,14.58,13645894,False,AHCL
2025-09-26,14.67,15.0,14.51,14.84,10278717,False,AHCL
2025-09-29,14.95,15.42,14.88,15.16,17021832,False,AHCL
2025-09-30,15.3,15.35,15.05,15.15,12819699,False,AHCL
2025-10-01,15.28,16.49,15.11,16.06,30871882,False,AHCL
2025-10-02,16.2,17.25,16.1,16.72,32092522,False,AHCL
2025-10-03,16.84,17.25,16.72,17.05,17724857,False,AHCL
2025-10-06,16.99,17.19,16.5,16.78,14447995,False,AHCL
2025-10-07,16.87,17.0,16.6,16.69,7142383,False,AHCL
2025-10-08,16.71,17.51,16.71,16.92,26486390,False,AHCL
2025-10-09,17.01,17.16,16.51,16.97,9712228,False,AHCL
2025-10-10,16.86,17.25,16.71,16.91,8740211,False,AHCL
2025-10-13,16.8,16.95,16.36,16.43,9612771,False,AHCL
2025-10-14,16.61,16.9,16.59,16.77,8625380,False,AHCL
2025-10-15,16.05,16.33,15.8,15.95,8945739,False,AHCL
2025-10-16,15.95,16.0,15.43,15.53,6170344,False,AHCL
2025-10-17,15.7,15.7,15.32,15.36,5040246,False,AHCL
2025-10-20,15.51,16.0,15.22,15.96,6473719,False,AHCL
2025-10-21,16.0,16.39,16.0,16.35,6433659,False,AHCL
2025-10-22,16.5,16.68,16.35,16.45,4575101,False,AHCL
2025-10-23,16.48,16.48,16.0,16.11,2951532,False,AHCL
2025-10-24,16.07,16.15,15.71,15.75,2249823,False,AHCL
2025-10-27,15.75,15.95,15.41,15.56,2317464,False,AHCL
2025-10-28,15.64,15.79,15.39,15.56,2637037,False,AHCL
2025-10-29,15.93,16.53,15.9,16.3,10929662,False,AHCL
2025-10-30,16.48,16.48,16.02,16.13,4025034,False,AHCL
2025-10-31,16.25,16.45,16.21,16.27,3121894,False,AHCL
2025-11-03,16.45,16.45,16.0,16.24,4569415,False,AHCL
2025-11-04,16.29,16.29,15.99,16.04,1902264,False,AHCL
2025-11-05,16.19,16.19,15.66,15.7,2538920,False,AHCL
2025-11-06,15.7,15.98,15.31,15.78,1914859,False,AHCL
2025-11-07,15.9,15.9,15.56,15.58,2130815,False,AHCL
2025-11-10,15.9,15.9,15.58,15.68,1575549,False,AHCL
2025-11-11,15.65,15.65,15.31,15.39,1741508,False,AHCL
2025-11-12,15.3,15.51,15.07,15.25,1136395,False,AHCL
2025-11-13,15.3,15.31,15.01,15.08,2287995,False,AHCL
2025-11-14,15.13,15.59,15.1,15.18,1044757,False,AHCL
2025-11-17,15.25,15.39,15.18,15.24,1273316,False,AHCL
2025-11-18,15.29,15.29,15.15,15.21,900952,False,AHCL
2025-11-19,15.39,15.39,15.08,15.13,1334091,False,AHCL
2025-11-20,15.29,15.4,15.15,15.25,1397406,False,AHCL
2025-11-21,15.3,15.46,15.15,15.35,1462802,False,AHCL
2025-11-24,15.41,15.78,15.3,15.55,1850712,False,AHCL
2025-11-25,15.6,15.65,15.47,15.51,935594,False,AHCL
2025-11-26,15.5,15.58,15.14,15.28,1230527,False,AHCL
2025-11-27,15.29,15.75,15.16,15.63,1583913,False,AHCL
2025-11-28,15.66,15.79,15.3,15.64,1147160,False,AHCL
2025-12-01,15.64,15.7,15.44,15.62,1223493,False,AHCL
2025-12-02,15.62,15.68,15.45,15.48,988656,False,AHCL
2025-12-03,15.64,15.64,15.4,15.43,739914,False,AHCL
2025-12-04,15.53,15.59,15.29,15.31,1218297,False,AHCL
2025-12-05,15.35,15.6,15.3,15.48,1351076,False,AHCL
2025-12-08,15.63,15.63,15.41,15.6,1074292,False,AHCL
2025-12-09,15.67,15.67,15.49,15.63,1009049,False,AHCL
2025-12-10,15.59,16.12,15.53,15.86,3922436,False,AHCL
2025-12-11,16.08,16.08,15.8,15.84,1215796,False,AHCL
2025-12-12,15.92,16.0,15.62,15.94,1291718,False,AHCL
2025-12-15,16.17,16.17,15.9,16.03,1864027,False,AHCL
2025-12-16,16.15,16.15,15.82,15.99,1969934,False,AHCL
2025-12-17,15.76,15.94,15.76,15.85,1056098,False,AHCL
2025-12-18,15.8,16.11,15.8,15.89,1483660,False,AHCL
2025-12-19,15.9,15.93,15.75,15.85,884299,False,AHCL
2025-12-22,15.87,15.94,15.6,15.8,792811,False,AHCL
2025-12-23,15.97,16.15,15.71,16.08,2114596,False,AHCL
2025-12-24,17.69,17.69,17.0,17.16,45364732,False,AHCL
2025-12-26,17.16,17.18,16.25,16.32,8831018,False,AHCL
2025-12-29,16.45,16.63,16.0,16.05,3602337,False,AHCL
2025-12-30,16.1,16.35,16.05,16.15,2252378,False,AHCL
2025-12-31,16.24,16.5,16.0,16.08,3431772,False,AHCL
2026-01-01,16.1,16.29,16.0,16.16,2577199,False,AHCL
2026-01-02,16.28,16.8,16.0,16.57,7980103,False,AHCL
2026-01-05,16.57,17.75,16.51,17.27,32831840,False,AHCL
2026-01-06,17.55,17.7,17.16,17.48,18652616,False,AHCL
2026-01-07,17.69,18.3,17.5,17.76,33636829,False,AHCL
2026-01-08,17.88,18.01,17.37,17.44,13957845,False,AHCL
2026-01-09,17.55,17.55,17.21,17.4,4676485,False,AHCL
2026-01-12,17.5,17.5,17.08,17.14,4475147,False,AHCL
2026-01-13,17.03,17.45,17.03,17.24,5973868,False,AHCL
2026-01-14,17.2,17.35,16.9,16.97,4288148,False,AHCL
2026-01-15,16.8,17.19,16.7,17.13,7220892,False,AHCL
2026-01-16,17.25,18.79,17.1,18.21,72955233,False,AHCL
2026-01-19,18.74,18.8,18.1,18.2,36646592,False,AHCL
2026-01-20,18.31,18.39,17.99,18.19,24706046,False,AHCL
2026-01-21,18.3,18.45,17.87,17.98,15244650,False,AHCL
2026-01-22,18.0,18.98,17.81,18.6,24441236,False,AHCL
2026-01-23,18.8,19.33,18.51,18.72,24360788,False,AHCL
2026-01-26,18.98,19.29,18.61,18.8,26200995,False,AHCL
2026-01-27,18.8,19.08,18.7,18.82,9664289,False,AHCL
2026-01-28,18.97,18.98,18.72,18.78,4914979,False,AHCL
2026-01-29,18.85,18.85,17.84,17.98,16250736,False,AHCL
2026-01-30,18.2,18.48,18.01,18.11,6528918,False,AHCL
2026-02-02,18.19,18.35,17.86,17.94,6358215,False,AHCL
2026-02-03,18.0,18.2,17.89,18.1,5509288,False,AHCL
2026-02-04,18.19,18.36,17.96,18.08,4326220,False,AHCL
2026-02-06,18.1,18.19,17.61,17.71,8116006,False,AHCL
2026-02-09,17.89,17.94,17.42,17.51,3985238,False,AHCL
2026-02-10,17.59,17.64,17.0,17.02,11086082,False,AHCL
2026-02-11,17.24,17.65,17.0,17.28,8404744,False,AHCL
2026-02-12,17.4,17.6,17.01,17.38,3566189,False,AHCL
2026-02-13,17.49,17.54,17.2,17.37,3082378,False,AHCL
2026-02-16,17.37,17.4,17.0,17.14,2226050,False,AHCL
2026-02-17,17.38,17.38,16.99,17.03,3038930,False,AHCL
2026-02-18,17.1,17.43,17.01,17.38,2787810,False,AHCL
2026-02-19,17.5,17.5,16.8,16.95,2912750,False,AHCL
2026-02-20,16.94,17.09,16.52,16.95,1712214,False,AHCL
2026-02-23,16.9,16.95,16.5,16.55,3447003,False,AHCL
2026-02-24,16.54,17.01,16.02,16.7,6116030,False,AHCL
2026-02-25,16.88,16.99,16.02,16.09,3254814,False,AHCL
2026-02-26,16.1,16.19,15.59,16.05,4183615,False,AHCL
2026-02-27,15.9,16.05,15.5,15.91,1206085,False,AHCL
2026-03-02,14.32,14.9,14.32,14.32,4521947,False,AHCL
2026-03-03,14.0,14.4,13.02,13.6,5832276,False,AHCL
2026-03-04,13.59,13.6,13.01,13.2,4771048,False,AHCL
2026-03-05,13.35,14.39,13.2,14.25,4381384,False,AHCL
2026-03-06,14.25,14.35,13.25,13.51,2747193,False,AHCL
2026-03-09,13.02,13.02,12.16,12.17,3307669,False,AHCL
2026-03-10,12.98,13.39,12.98,13.39,1925995,False,AHCL
2026-03-11,13.5,13.85,13.45,13.57,1498955,False,AHCL
2026-03-12,13.57,13.57,13.13,13.29,2211318,False,AHCL
2026-03-13,13.42,13.42,13.05,13.14,928993,False,AHCL
2026-03-16,13.16,13.26,12.66,12.76,1323927,False,AHCL
2026-03-17,12.78,13.0,12.73,12.95,975309,False,AHCL
2026-03-18,12.96,13.35,12.92,13.22,2242535,False,AHCL
2026-03-19,13.2,13.34,12.91,13.25,1031379,False,AHCL
2026-03-24,13.9,13.9,13.39,13.53,2155133,False,AHCL
2026-03-25,13.7,14.2,13.65,14.12,3778890,False,AHCL
2026-03-26,13.9,13.9,13.05,13.14,4113144,False,AHCL
2026-03-27,13.25,13.59,13.04,13.39,2246220,False,AHCL
2026-03-30,13.58,13.58,12.51,12.64,2134114,False,AHCL
2026-03-31,12.77,12.96,12.64,12.75,2745457,False,AHCL
2026-04-01,12.98,13.6,12.92,13.38,3030301,False,AHCL
2026-04-02,13.19,13.3,12.76,13.24,1731260,False,AHCL
2026-04-03,13.0,13.2,12.7,12.93,2882900,False,AHCL
2026-04-06,12.95,13.26,12.7,13.16,2834158,False,AHCL
2026-04-07,13.13,13.22,12.9,13.16,1113946,False,AHCL
2026-04-08,14.02,14.48,13.81,14.48,13039250,False,AHCL
2026-04-09,14.35,14.35,13.81,13.99,4937887,False,AHCL
2026-04-10,14.03,14.35,14.03,14.26,4204122,False,AHCL
2026-04-13,13.9,13.9,13.52,13.68,2796137,False,AHCL
2026-04-14,13.73,14.1,13.73,14.07,2328964,False,AHCL
2026-04-15,14.49,14.73,14.35,14.49,12259222,False,AHCL
2026-04-16,14.65,15.76,14.3,15.36,16509274,False,AHCL
2026-04-17,15.52,15.79,15.3,15.44,17782223,False,AHCL
2026-04-20,15.39,15.4,14.25,14.81,11133043,False,AHCL
2026-04-21,14.91,15.14,14.7,14.74,5027975,False,AHCL
2026-04-22,14.72,14.81,14.5,14.67,2595135,False,AHCL
2026-04-23,14.6,14.68,14.35,14.42,2326086,False,AHCL
2026-04-24,14.31,14.55,14.1,14.45,2508918,False,AHCL
